name,method_type,num_runs,mean_final_val_accuracy,std_final_val_accuracy,mean_best_val_accuracy,std_best_val_accuracy,mean_adaptations_applied,mean_final_hidden_dim,best_seed
edge-growth-spirals10,dynamic,5,0.6282666683197021,0.017310759611956543,0.6496000051498413,0.030350851815607593,3,14,99
dynamic-nodes-spirals10,dynamic,5,0.613866662979126,0.028777764111113192,0.6474666714668273,0.027707670701141256,1,10,7
fixed-mlp-spirals10,baseline,5,0.6130666613578797,0.05158742342295086,0.660266661643982,0.022012516379632162,0,,99
nest-spirals10,dynamic,5,0.604799997806549,0.03973780660816487,0.6229333400726318,0.03989676481541276,1,12,7
gradmax-spirals10,dynamic,5,0.6045333266258239,0.03155919625421267,0.6293333292007446,0.03611341525847139,2,14,7
net2wider-spirals10,dynamic,5,0.5986666560173035,0.04087052376878718,0.6173333287239074,0.03737139699205397,1,14,7
den-spirals10,dynamic,5,0.5917333364486694,0.03664507985057578,0.6397333264350891,0.034722004447588356,2,14,7
