name,method_type,num_runs,mean_final_val_accuracy,std_final_val_accuracy,mean_best_val_accuracy,std_best_val_accuracy,mean_adaptations_applied,mean_final_hidden_dim,best_seed
dynamic-nodes-spirals20,dynamic,5,0.6306666612625123,0.05254753877889766,0.6712000012397766,0.03268814217793955,1,12,23
edge-growth-spirals20,dynamic,5,0.6293333292007446,0.04032754740869172,0.6466666698455811,0.033804661563149624,3,16,42
nest-spirals20,dynamic,5,0.6216000080108642,0.0307696880988227,0.6522666692733765,0.028960044389191503,3,12,11
gradmax-spirals20,dynamic,5,0.6130666613578797,0.04703020995917305,0.665066659450531,0.018211593391490494,3,18,11
den-spirals20,dynamic,5,0.6032000064849854,0.0410926184676131,0.6560000061988831,0.028372137751955684,2,16,42
fixed-mlp-spirals20,baseline,5,0.6023999810218811,0.040515784038731,0.6362666726112366,0.019711714695887814,0,,42
net2wider-spirals20,dynamic,5,0.6016000032424926,0.04064720822035758,0.6522666811943054,0.026336625898203916,2,20,11
